accuracy,precision,recall,f1_score,roc_auc,model
0.7133571428571429,0.5786490316485593,0.28186838472158304,0.3790809221723658,0.7182689367819133,XGBoost
0.7129285714285715,0.5787193066923447,0.276576161988035,0.3742799314961856,0.7210540618897517,Gradient Boosting
0.7076428571428571,0.5632183908045977,0.2593189139438564,0.3551284071214747,0.7072788429022933,Random Forest
0.7070714285714286,0.6368715083798883,0.13115508513575702,0.21751574127074985,0.6677819227269983,SVM
0.7035,0.562862669245648,0.20087436723423838,0.29608275394268274,0.6901711791253964,Logistic Regression
0.7007142857142857,0.5376811594202898,0.25609756097560976,0.34694513715710723,0.6862187318590941,Decision Tree
0.6694285714285715,0.4490974729241877,0.28624022089277495,0.34963462619449126,0.6227212591086475,KNN
